id,name,category,sequence,molecular_target,clinical_use,reported_side_effects,chemical_formula,mrna_sequence,coding_dna,template_dna
ghk-cu,Copper Peptide (GHK-Cu),Tissue-Repair & Angiogenic Modulators,,"Upregulates collagen, elastin, and decorin synthesis; modulates metalloproteinases.","Accelerates wound healing, skin rejuvenation, and exhibits anti-inflammatory properties.",Generally none topically; potential flushing or localized irritation if concentration is excessively high.,C14H24N6O4Cu,GGC CAC AAG UGA,GGC CAC AAG TGA,CCG GTG TTC ACT
argireline,Argireline (Acetyl Hexapeptide-8),Cosmeceutical & Epicutaneous Actives,,Mimics the N-terminal end of the SNAP-25 protein; competitively inhibits the SNARE complex formation to destabilize vesicle release of acetylcholine.,Topical reduction of expression wrinkle depth caused by repetitive muscle movement.,Exceedingly low toxicity profile; mild skin dryness or peeling in sensitive individuals if overused.,C30H50N10O12S,GAG GAG AUG CAG CUG CUG UGA,GAG GAG ATG CAG CTG CTG TGA,CTC CTC TAC GTC GAC GAC ACT
bpc-157,BPC-157,Tissue-Repair & Angiogenic Modulators,GEPPPGKPADDAGLV,Upregulation of Growth Factor signaling (VEGFR2) and collagen synthesis pathways.,"Body Protection Compound-157 is widely researched for its regenerative properties in tendon, muscle, and ligament healing, as well as its protective effects on the gastric mucosa.",Few reported side effects in research settings; long-term human safety profiles are still under investigation.,C62H98N16O22,GGC GAG CCC CCC CCC GGC AAG CCC GCC GAC GAC GCC GGC CUG GUG UGA,GGC GAG CCC CCC CCC GGC AAG CCC GCC GAC GAC GCC GGC CTG GTG TGA,CCG CTC GGG GGG GGG CCG TTC GGG CGG CTG CTG CGG CCG GAC CAC ACT
epitalon,Epitalon,Experimental & Unclassified Bioactives,AEDG,Telomerase enzyme activation and Pineal gland chromatin regulation.,A synthetic tetrapeptide known for its ability to activate telomerase and regulate melatonin production. It is studied for its anti-aging and life-extension potential.,No significant adverse effects reported in primary clinical trials; continues to be evaluated for long-term safety.,C14H22N4O9,GCC GAG GAC GGC UGA,GCC GAG GAC GGC TGA,CGG CTC CTG CCG ACT
mots-c,MOTS-c,Metabolic & Mitochondrial Homeostasis Regulators,MRWQEMGYIFYPRKLR,Mitochondria-nuclear signaling and AMPK-dependent metabolic activation.,"Mitochondria-derived peptide that regulates metabolic homeostasis, insulin sensitivity, and exercise capacity. It acts as a signaling molecule for mitochondrial-nuclear communication.",Data on human side effects is limited; primarily investigated in preclinical metabolic models.,C101H152N28O22S2,AUG CUG UGG CAG GAG AUG GGC UAC AUC UUC UAC CCC CUG AAG CUG CUG UGA,ATG CTG TGG CAG GAG ATG GGC TAC ATC TTC TAC CCC CTG AAG CTG CTG TGA,TAC GAC ACC GTC CTC TAC CCG ATG TAG AAG ATG GGG GAC TTC GAC GAC ACT
semax,Semax,Neuro-Regenerative & Nootropic Agents,MEHFPGP,Melanocortin receptors (MC4R) and BDNF signaling modulation.,"Nootropic peptide used for cognitive enhancement, neuroprotection, and recovery from ischemic stroke. It modulates the expression of Brain-Derived Neurotrophic Factor (BDNF).",Generally well-tolerated. Rare instances of mild irritation of the nasal mucosa (if administered via spray).,C37H51N9O10S,AUG GAG CAC UUC CCC GGC CCC UGA,ATG GAG CAC TTC CCC GGC CCC TGA,TAC CTC GTG AAG GGG CCG GGG ACT
ipamorelin,Ipamorelin,Secretagogues & Somatotropic Analogues,XHXFK,Selective Ghrelin receptor (GHS-R1a) agonist.,Selective growth hormone secretagogue and ghrelin receptor agonist. Used to stimulate GH release without significantly affecting cortisol or prolactin levels.,"May include flushing, headache, or slight water retention at high dosages.",C38H49N9O5,??? CAC ??? UUC AAG UGA,??? CAC ??? TTC AAG TGA,??? GTG ??? AAG TTC ACT
thymosin-alpha-1,Thymosin Alpha-1,Experimental & Unclassified Bioactives,SDAAVDTSSEITTKDLKEKKEVVEEAEN,Primary sequence evaluated for selective binding within Experimental & Unclassified Bioactives pathways. Interacts with cellular signaling cascades to modulate metabolic and structural homeostasis.,Thymalfasin is a polypeptide.,Research-grade sequence. Systemic toxicity thresholds and metabolic clearance profiles are currently under open-reading-frame evaluation.,C129H215N33O55,AGC GAC GCC GCC GUG GAC ACC AGC AGC GAG AUC ACC ACC AAG GAC CUG AAG GAG AAG AAG GAG GUG GUG GAG GAG GCC GAG AAC UGA,AGC GAC GCC GCC GTG GAC ACC AGC AGC GAG ATC ACC ACC AAG GAC CTG AAG GAG AAG AAG GAG GTG GTG GAG GAG GCC GAG AAC TGA,TCG CTG CGG CGG CAC CTG TGG TCG TCG CTC TAG TGG TGG TTC CTG GAC TTC CTC TTC TTC CTC CAC CAC CTC CTC CGG CTC TTG ACT
tesamorelin,Tesamorelin,Experimental & Unclassified Bioactives,YADAIFTNSYRKVLGQLSARKLLQDIMSRQQGESNQERGARARL,Primary sequence evaluated for selective binding within Experimental & Unclassified Bioactives pathways. Interacts with cellular signaling cascades to modulate metabolic and structural homeostasis.,"Investigational bioactive compound categorized within the Experimental & Unclassified Bioactives domain. Evaluated in molecular assays for cellular modeling, targeted sequence binding, and structural metabolic interactions.",Research-grade sequence. Systemic toxicity thresholds and metabolic clearance profiles are currently under open-reading-frame evaluation.,C221H366N72O67S,UAC GCC GAC GCC AUC UUC ACC AAC AGC UAC CUG AAG GUG CUG GGC CAG CUG AGC GCC CUG AAG CUG CUG CAG GAC AUC AUG AGC CUG CAG CAG GGC GAG AGC AAC CAG GAG CUG GGC GCC CUG GCC CUG CUG UGA,TAC GCC GAC GCC ATC TTC ACC AAC AGC TAC CTG AAG GTG CTG GGC CAG CTG AGC GCC CTG AAG CTG CTG CAG GAC ATC ATG AGC CTG CAG CAG GGC GAG AGC AAC CAG GAG CTG GGC GCC CTG GCC CTG CTG TGA,ATG CGG CTG CGG TAG AAG TGG TTG TCG ATG GAC TTC CAC GAC CCG GTC GAC TCG CGG GAC TTC GAC GAC GTC CTG TAG TAC TCG GAC GTC GTC CCG CTC TCG TTG GTC CTC GAC CCG CGG GAC CGG GAC GAC ACT
sermorelin,Sermorelin,Experimental & Unclassified Bioactives,YADAIFTNSYRKVLGQLSARKLLQDIMSR,Primary sequence evaluated for selective binding within Experimental & Unclassified Bioactives pathways. Interacts with cellular signaling cascades to modulate metabolic and structural homeostasis.,"Investigational bioactive compound categorized within the Experimental & Unclassified Bioactives domain. Evaluated in molecular assays for cellular modeling, targeted sequence binding, and structural metabolic interactions.",Research-grade sequence. Systemic toxicity thresholds and metabolic clearance profiles are currently under open-reading-frame evaluation.,Unknown,UAC GCC GAC GCC AUC UUC ACC AAC AGC UAC CUG AAG GUG CUG GGC CAG CUG AGC GCC CUG AAG CUG CUG CAG GAC AUC AUG AGC CUG UGA,TAC GCC GAC GCC ATC TTC ACC AAC AGC TAC CTG AAG GTG CTG GGC CAG CTG AGC GCC CTG AAG CTG CTG CAG GAC ATC ATG AGC CTG TGA,ATG CGG CTG CGG TAG AAG TGG TTG TCG ATG GAC TTC CAC GAC CCG GTC GAC TCG CGG GAC TTC GAC GAC GTC CTG TAG TAC TCG GAC ACT
ghrp-2,GHRP-2,Secretagogues & Somatotropic Analogues,AXAWFK,Primary sequence evaluated for selective binding within Secretagogues & Somatotropic Analogues pathways. Interacts with cellular signaling cascades to modulate metabolic and structural homeostasis.,Pralmorelin is an oligopeptide.,Research-grade sequence. Systemic toxicity thresholds and metabolic clearance profiles are currently under open-reading-frame evaluation.,C45H55N9O6,GCC ??? GCC UGG UUC AAG UGA,GCC ??? GCC TGG TTC AAG TGA,CGG ??? CGG ACC AAG TTC ACT
ghrp-6,GHRP-6,Secretagogues & Somatotropic Analogues,HWAWFK,Primary sequence evaluated for selective binding within Secretagogues & Somatotropic Analogues pathways. Interacts with cellular signaling cascades to modulate metabolic and structural homeostasis.,"Investigational bioactive compound categorized within the Secretagogues & Somatotropic Analogues domain. Evaluated in molecular assays for cellular modeling, targeted sequence binding, and structural metabolic interactions.",Research-grade sequence. Systemic toxicity thresholds and metabolic clearance profiles are currently under open-reading-frame evaluation.,C46H56N12O6,CAC UGG GCC UGG UUC AAG UGA,CAC TGG GCC TGG TTC AAG TGA,GTG ACC CGG ACC AAG TTC ACT
melanotan-ii,Melanotan II,Experimental & Unclassified Bioactives,XDHFRWK,Primary sequence evaluated for selective binding within Experimental & Unclassified Bioactives pathways. Interacts with cellular signaling cascades to modulate metabolic and structural homeostasis.,Melanotan II is an organic molecular entity.,Research-grade sequence. Systemic toxicity thresholds and metabolic clearance profiles are currently under open-reading-frame evaluation.,C50H69N15O9,??? GAC CAC UUC CUG UGG AAG UGA,??? GAC CAC TTC CTG TGG AAG TGA,??? CTG GTG AAG GAC ACC TTC ACT
humanin,Humanin,Experimental & Unclassified Bioactives,MAPRGFSCLLLLTSEIDLPVKRRA,Primary sequence evaluated for selective binding within Experimental & Unclassified Bioactives pathways. Interacts with cellular signaling cascades to modulate metabolic and structural homeostasis.,"Investigational bioactive compound categorized within the Experimental & Unclassified Bioactives domain. Evaluated in molecular assays for cellular modeling, targeted sequence binding, and structural metabolic interactions.",Research-grade sequence. Systemic toxicity thresholds and metabolic clearance profiles are currently under open-reading-frame evaluation.,C119H204N34O32S2,AUG GCC CCC CUG GGC UUC AGC UGC CUG CUG CUG CUG ACC AGC GAG AUC GAC CUG CCC GUG AAG CUG CUG GCC UGA,ATG GCC CCC CTG GGC TTC AGC TGC CTG CTG CTG CTG ACC AGC GAG ATC GAC CTG CCC GTG AAG CTG CTG GCC TGA,TAC CGG GGG GAC CCG AAG TCG ACG GAC GAC GAC GAC TGG TCG CTC TAG CTG GAC GGG CAC TTC GAC GAC CGG ACT
kisspeptin-10,Kisspeptin-10,Experimental & Unclassified Bioactives,YNWNSFGLRF,Identified via PubChem CID 25240297,"Investigational bioactive compound categorized within the Experimental & Unclassified Bioactives domain. Evaluated in molecular assays for cellular modeling, targeted sequence binding, and structural metabolic interactions.",Research-grade sequence. Systemic toxicity thresholds and metabolic clearance profiles are currently under open-reading-frame evaluation.,C63H83N17O14,UAC AAC UGG AAC AGC UUC GGC CUG CUG UUC UGA,TAC AAC TGG AAC AGC TTC GGC CTG CTG TTC TGA,ATG TTG ACC TTG TCG AAG CCG GAC GAC AAG ACT
dsip,DSIP,Experimental & Unclassified Bioactives,WAGGDASGE,Identified via PubChem CID 68816,"Investigational bioactive compound categorized within the Experimental & Unclassified Bioactives domain. Evaluated in molecular assays for cellular modeling, targeted sequence binding, and structural metabolic interactions.",Research-grade sequence. Systemic toxicity thresholds and metabolic clearance profiles are currently under open-reading-frame evaluation.,C35H48N10O15,UGG GCC GGC GGC GAC GCC AGC GGC GAG UGA,TGG GCC GGC GGC GAC GCC AGC GGC GAG TGA,ACC CGG CCG CCG CTG CGG TCG CCG CTC ACT
aod9604,AOD9604,Experimental & Unclassified Bioactives,YLRIVQCRSVEGSCGF,Identified via PubChem CID 71300630,"Investigational bioactive compound categorized within the Experimental & Unclassified Bioactives domain. Evaluated in molecular assays for cellular modeling, targeted sequence binding, and structural metabolic interactions.",Research-grade sequence. Systemic toxicity thresholds and metabolic clearance profiles are currently under open-reading-frame evaluation.,C78H123N23O23S2,UAC CUG CUG AUC GUG CAG UGC CUG AGC GUG GAG GGC AGC UGC GGC UUC UGA,TAC CTG CTG ATC GTG CAG TGC CTG AGC GTG GAG GGC AGC TGC GGC TTC TGA,ATG GAC GAC TAG CAC GTC ACG GAC TCG CAC CTC CCG TCG ACG CCG AAG ACT
oxytocin,Oxytocin,Neuro-Regenerative & Nootropic Agents,CYIQNCPLG,Primary sequence evaluated for selective binding within Neuro-Regenerative & Nootropic Agents pathways. Interacts with cellular signaling cascades to modulate metabolic and structural homeostasis.,Oxytocin is a cyclic nonapeptide hormone with amino acid sequence CYIQNCPLG that also acts as a neurotransmitter in the brain; the principal uterine-contracting and milk-ejecting hormone of the poster...,Research-grade sequence. Systemic toxicity thresholds and metabolic clearance profiles are currently under open-reading-frame evaluation.,C43H66N12O12S2,UGC UAC AUC CAG AAC UGC CCC CUG GGC UGA,TGC TAC ATC CAG AAC TGC CCC CTG GGC TGA,ACG ATG TAG GTC TTG ACG GGG GAC CCG ACT
vasopressin,Vasopressin,Experimental & Unclassified Bioactives,CYFQNCPRG,Primary sequence evaluated for selective binding within Experimental & Unclassified Bioactives pathways. Interacts with cellular signaling cascades to modulate metabolic and structural homeostasis.,Argipressin is the predominant form of mammalian vasopressin (antidiuretic hormone). It is a nonapeptide containing an arginine at residue 8 and two disulfide-linked cysteines at residues of 1 and 6. ...,Research-grade sequence. Systemic toxicity thresholds and metabolic clearance profiles are currently under open-reading-frame evaluation.,C46H65N15O12S2,UGC UAC UUC CAG AAC UGC CCC CUG GGC UGA,TGC TAC TTC CAG AAC TGC CCC CTG GGC TGA,ACG ATG AAG GTC TTG ACG GGG GAC CCG ACT
gonadorelin,Gonadorelin,Experimental & Unclassified Bioactives,XHWSYGLRPG,Primary sequence evaluated for selective binding within Experimental & Unclassified Bioactives pathways. Interacts with cellular signaling cascades to modulate metabolic and structural homeostasis.,"Gonadorelin is a ten-membered synthetic oligopeptide comprising pyroglutamyl, histidyl, tryptophyl, seryl, tyrosyl, glycyl, leucyl, arginyl, prolyl and glycinamide residues joined in sequence. It has ...",Research-grade sequence. Systemic toxicity thresholds and metabolic clearance profiles are currently under open-reading-frame evaluation.,C55H75N17O13,??? CAC UGG AGC UAC GGC CUG CUG CCC GGC UGA,??? CAC TGG AGC TAC GGC CTG CTG CCC GGC TGA,??? GTG ACC TCG ATG CCG GAC GAC GGG CCG ACT
triptorelin,Triptorelin,Experimental & Unclassified Bioactives,XHWSYWLRPG,Primary sequence evaluated for selective binding within Experimental & Unclassified Bioactives pathways. Interacts with cellular signaling cascades to modulate metabolic and structural homeostasis.,"Triptorelin is an oligopeptide comprising pyroglutamyl, histidyl, tryptophyl, seryl, tyrosyl, D-tryptophyl, leucyl, arginyl, prolyl and glycinamide residues joined in sequence. It is an agonist analog...",Research-grade sequence. Systemic toxicity thresholds and metabolic clearance profiles are currently under open-reading-frame evaluation.,C64H82N18O13,??? CAC UGG AGC UAC UGG CUG CUG CCC GGC UGA,??? CAC TGG AGC TAC TGG CTG CTG CCC GGC TGA,??? GTG ACC TCG ATG ACC GAC GAC GGG CCG ACT
leuprolide,Leuprolide,Experimental & Unclassified Bioactives,XHWSYLLRP,Primary sequence evaluated for selective binding within Experimental & Unclassified Bioactives pathways. Interacts with cellular signaling cascades to modulate metabolic and structural homeostasis.,"Leuprolide is an oligopeptide comprising pyroglutamyl, histidyl, tryptophyl, seryl, tyrosyl, D-leucyl, leucyl, arginyl, and N-ethylprolinamide residues joined in sequence. It is a synthetic nonapeptid...",Research-grade sequence. Systemic toxicity thresholds and metabolic clearance profiles are currently under open-reading-frame evaluation.,C59H84N16O12,??? CAC UGG AGC UAC CUG CUG CUG CCC UGA,??? CAC TGG AGC TAC CTG CTG CTG CCC TGA,??? GTG ACC TCG ATG GAC GAC GAC GGG ACT
octreotide,Octreotide,Experimental & Unclassified Bioactives,FCFWKTCT,Primary sequence evaluated for selective binding within Experimental & Unclassified Bioactives pathways. Interacts with cellular signaling cascades to modulate metabolic and structural homeostasis.,"Investigational bioactive compound categorized within the Experimental & Unclassified Bioactives domain. Evaluated in molecular assays for cellular modeling, targeted sequence binding, and structural metabolic interactions.",Research-grade sequence. Systemic toxicity thresholds and metabolic clearance profiles are currently under open-reading-frame evaluation.,C49H66N10O10S2,UUC UGC UUC UGG AAG ACC UGC ACC UGA,TTC TGC TTC TGG AAG ACC TGC ACC TGA,AAG ACG AAG ACC TTC TGG ACG TGG ACT
teriparatide,Teriparatide,Experimental & Unclassified Bioactives,SVSEIQLMHNLGKHLNSMERVEWLRKKLQDVHNF,Primary sequence evaluated for selective binding within Experimental & Unclassified Bioactives pathways. Interacts with cellular signaling cascades to modulate metabolic and structural homeostasis.,Teriparatide can cause cancer according to state or federal government labeling requirements.,Research-grade sequence. Systemic toxicity thresholds and metabolic clearance profiles are currently under open-reading-frame evaluation.,C181H291N55O51S2,AGC GUG AGC GAG AUC CAG CUG AUG CAC AAC CUG GGC AAG CAC CUG AAC AGC AUG GAG CUG GUG GAG UGG CUG CUG AAG AAG CUG CAG GAC GUG CAC AAC UUC UGA,AGC GTG AGC GAG ATC CAG CTG ATG CAC AAC CTG GGC AAG CAC CTG AAC AGC ATG GAG CTG GTG GAG TGG CTG CTG AAG AAG CTG CAG GAC GTG CAC AAC TTC TGA,TCG CAC TCG CTC TAG GTC GAC TAC GTG TTG GAC CCG TTC GTG GAC TTG TCG TAC CTC GAC CAC CTC ACC GAC GAC TTC TTC GAC GTC CTG CAC GTG TTG AAG ACT
exenatide,Exenatide,Experimental & Unclassified Bioactives,HGEGTFTSDLSKQMEEEAVRLFIEWLKNGGPSSGAPPPS,Primary sequence evaluated for selective binding within Experimental & Unclassified Bioactives pathways. Interacts with cellular signaling cascades to modulate metabolic and structural homeostasis.,"Investigational bioactive compound categorized within the Experimental & Unclassified Bioactives domain. Evaluated in molecular assays for cellular modeling, targeted sequence binding, and structural metabolic interactions.",Research-grade sequence. Systemic toxicity thresholds and metabolic clearance profiles are currently under open-reading-frame evaluation.,C184H282N50O60S,CAC GGC GAG GGC ACC UUC ACC AGC GAC CUG AGC AAG CAG AUG GAG GAG GAG GCC GUG CUG CUG UUC AUC GAG UGG CUG AAG AAC GGC GGC CCC AGC AGC GGC GCC CCC CCC CCC AGC UGA,CAC GGC GAG GGC ACC TTC ACC AGC GAC CTG AGC AAG CAG ATG GAG GAG GAG GCC GTG CTG CTG TTC ATC GAG TGG CTG AAG AAC GGC GGC CCC AGC AGC GGC GCC CCC CCC CCC AGC TGA,GTG CCG CTC CCG TGG AAG TGG TCG CTG GAC TCG TTC GTC TAC CTC CTC CTC CGG CAC GAC GAC AAG TAG CTC ACC GAC TTC TTG CCG CCG GGG TCG TCG CCG CGG GGG GGG GGG TCG ACT
liraglutide,Liraglutide,Neuro-Regenerative & Nootropic Agents,HAEGTFTSDVSSYLEGQAAKEFIAWLVRGRGXE,Primary sequence evaluated for selective binding within Neuro-Regenerative & Nootropic Agents pathways. Interacts with cellular signaling cascades to modulate metabolic and structural homeostasis.,Liraglutide is a lipopeptide that is an analogue of human GLP-1 in which the lysine residue at position 27 is replaced by arginine and a hexadecanoyl group attached to the remaining lysine via a gluta...,Research-grade sequence. Systemic toxicity thresholds and metabolic clearance profiles are currently under open-reading-frame evaluation.,C172H265N43O51,CAC GCC GAG GGC ACC UUC ACC AGC GAC GUG AGC AGC UAC CUG GAG GGC CAG GCC GCC AAG GAG UUC AUC GCC UGG CUG GUG CUG GGC CUG GGC ??? GAG UGA,CAC GCC GAG GGC ACC TTC ACC AGC GAC GTG AGC AGC TAC CTG GAG GGC CAG GCC GCC AAG GAG TTC ATC GCC TGG CTG GTG CTG GGC CTG GGC ??? GAG TGA,GTG CGG CTC CCG TGG AAG TGG TCG CTG CAC TCG TCG ATG GAC CTC CCG GTC CGG CGG TTC CTC AAG TAG CGG ACC GAC CAC GAC CCG GAC CCG ??? CTC ACT
afamelanotide,Afamelanotide,Experimental & Unclassified Bioactives,SYSXEHFRWGKPV,Primary sequence evaluated for selective binding within Experimental & Unclassified Bioactives pathways. Interacts with cellular signaling cascades to modulate metabolic and structural homeostasis.,"Investigational bioactive compound categorized within the Experimental & Unclassified Bioactives domain. Evaluated in molecular assays for cellular modeling, targeted sequence binding, and structural metabolic interactions.",Research-grade sequence. Systemic toxicity thresholds and metabolic clearance profiles are currently under open-reading-frame evaluation.,C78H111N21O19,AGC UAC AGC ??? GAG CAC UUC CUG UGG GGC AAG CCC GUG UGA,AGC TAC AGC ??? GAG CAC TTC CTG TGG GGC AAG CCC GTG TGA,TCG ATG TCG ??? CTC GTG AAG GAC ACC CCG TTC GGG CAC ACT
bivalirudin,Bivalirudin,Experimental & Unclassified Bioactives,FPRPGGGGNGDFEEIPEEYL,Primary sequence evaluated for selective binding within Experimental & Unclassified Bioactives pathways. Interacts with cellular signaling cascades to modulate metabolic and structural homeostasis.,"Bivalirudin is a synthetic peptide of 20 amino acids, comprising D-Phe, Pro, Arg, Pro, Gly, Gly, Gly, Gly, Asn, Gly, Asp, Phe, Glu, Glu, Ile, Pro, Glu, Glu, Tyr, and Leu in sequence. A congener of hir...",Research-grade sequence. Systemic toxicity thresholds and metabolic clearance profiles are currently under open-reading-frame evaluation.,C98H138N24O33,UUC CCC CUG CCC GGC GGC GGC GGC AAC GGC GAC UUC GAG GAG AUC CCC GAG GAG UAC CUG UGA,TTC CCC CTG CCC GGC GGC GGC GGC AAC GGC GAC TTC GAG GAG ATC CCC GAG GAG TAC CTG TGA,AAG GGG GAC GGG CCG CCG CCG CCG TTG CCG CTG AAG CTC CTC TAG GGG CTC CTC ATG GAC ACT
calcitonin,Calcitonin,Experimental & Unclassified Bioactives,CGNLSTCMLGTYTQDFNKFHTFPQTAIGVGAP,Primary sequence evaluated for selective binding within Experimental & Unclassified Bioactives pathways. Interacts with cellular signaling cascades to modulate metabolic and structural homeostasis.,"Investigational bioactive compound categorized within the Experimental & Unclassified Bioactives domain. Evaluated in molecular assays for cellular modeling, targeted sequence binding, and structural metabolic interactions.",Research-grade sequence. Systemic toxicity thresholds and metabolic clearance profiles are currently under open-reading-frame evaluation.,C151H226N40O45S3,UGC GGC AAC CUG AGC ACC UGC AUG CUG GGC ACC UAC ACC CAG GAC UUC AAC AAG UUC CAC ACC UUC CCC CAG ACC GCC AUC GGC GUG GGC GCC CCC UGA,TGC GGC AAC CTG AGC ACC TGC ATG CTG GGC ACC TAC ACC CAG GAC TTC AAC AAG TTC CAC ACC TTC CCC CAG ACC GCC ATC GGC GTG GGC GCC CCC TGA,ACG CCG TTG GAC TCG TGG ACG TAC GAC CCG TGG ATG TGG GTC CTG AAG TTG TTC AAG GTG TGG AAG GGG GTC TGG CGG TAG CCG CAC CCG CGG GGG ACT
cetrorelix,Cetrorelix,Experimental & Unclassified Bioactives,XXXSYXLRPA,Primary sequence evaluated for selective binding within Experimental & Unclassified Bioactives pathways. Interacts with cellular signaling cascades to modulate metabolic and structural homeostasis.,"Cetrorelix is a synthetic ten-membered oligopeptide comprising N-acetyl-3-(naphthalen-2-yl)-D-alanyl, 4-chloro-D-phenylalanyl, 3-(pyridin-3-yl)-D-alanyl, L-seryl, L-tyrosyl, N5-carbamoyl-D-ornithyl, L...",Research-grade sequence. Systemic toxicity thresholds and metabolic clearance profiles are currently under open-reading-frame evaluation.,C70H92ClN17O14,??? ??? ??? AGC UAC ??? CUG CUG CCC GCC UGA,??? ??? ??? AGC TAC ??? CTG CTG CCC GCC TGA,??? ??? ??? TCG ATG ??? GAC GAC GGG CGG ACT
desmopressin,Desmopressin,Experimental & Unclassified Bioactives,CYFQNCPRG,Primary sequence evaluated for selective binding within Experimental & Unclassified Bioactives pathways. Interacts with cellular signaling cascades to modulate metabolic and structural homeostasis.,"Desmopressin is a synthetic analogue of vasopressin in which 3-mercaptopropionic acid replaces the cysteine residue at position 1 and D-arginine replaces the residue at position 8. An antidiuretic, it...",Research-grade sequence. Systemic toxicity thresholds and metabolic clearance profiles are currently under open-reading-frame evaluation.,C46H64N14O12S2,UGC UAC UUC CAG AAC UGC CCC CUG GGC UGA,TGC TAC TTC CAG AAC TGC CCC CTG GGC TGA,ACG ATG AAG GTC TTG ACG GGG GAC CCG ACT
elcatonin,Elcatonin,Experimental & Unclassified Bioactives,SNLSXXVLGKLSQELHKLQXYPRXDVGAGXP,Primary sequence evaluated for selective binding within Experimental & Unclassified Bioactives pathways. Interacts with cellular signaling cascades to modulate metabolic and structural homeostasis.,"Investigational bioactive compound categorized within the Experimental & Unclassified Bioactives domain. Evaluated in molecular assays for cellular modeling, targeted sequence binding, and structural metabolic interactions.",Research-grade sequence. Systemic toxicity thresholds and metabolic clearance profiles are currently under open-reading-frame evaluation.,C148H244N42O47,AGC AAC CUG AGC ??? ??? GUG CUG GGC AAG CUG AGC CAG GAG CUG CAC AAG CUG CAG ??? UAC CCC CUG ??? GAC GUG GGC GCC GGC ??? CCC UGA,AGC AAC CTG AGC ??? ??? GTG CTG GGC AAG CTG AGC CAG GAG CTG CAC AAG CTG CAG ??? TAC CCC CTG ??? GAC GTG GGC GCC GGC ??? CCC TGA,TCG TTG GAC TCG ??? ??? CAC GAC CCG TTC GAC TCG GTC CTC GAC GTG TTC GAC GTC ??? ATG GGG GAC ??? CTG CAC CCG CGG CCG ??? GGG ACT
enfuvirtide,Enfuvirtide,Experimental & Unclassified Bioactives,YTSLIHSLIEESQNQQEKNEQELLELDKWASLWNWF,Primary sequence evaluated for selective binding within Experimental & Unclassified Bioactives pathways. Interacts with cellular signaling cascades to modulate metabolic and structural homeostasis.,"Enfuvirtide is a synthetic 36-amino acid peptide consisting of N-acetyltyrosyl, threonyl, seryl, leucyl, isoleucyl, histidyl, seryl, leucyl, isoleucyl, alpha-glutamyl, alpha-glutamyl, seryl, glutaminy...",Research-grade sequence. Systemic toxicity thresholds and metabolic clearance profiles are currently under open-reading-frame evaluation.,C204H301N51O64,UAC ACC AGC CUG AUC CAC AGC CUG AUC GAG GAG AGC CAG AAC CAG CAG GAG AAG AAC GAG CAG GAG CUG CUG GAG CUG GAC AAG UGG GCC AGC CUG UGG AAC UGG UUC UGA,TAC ACC AGC CTG ATC CAC AGC CTG ATC GAG GAG AGC CAG AAC CAG CAG GAG AAG AAC GAG CAG GAG CTG CTG GAG CTG GAC AAG TGG GCC AGC CTG TGG AAC TGG TTC TGA,ATG TGG TCG GAC TAG GTG TCG GAC TAG CTC CTC TCG GTC TTG GTC GTC CTC TTC TTG CTC GTC CTC GAC GAC CTC GAC CTG TTC ACC CGG TCG GAC ACC TTG ACC AAG ACT
eptifibatide,Eptifibatide,Experimental & Unclassified Bioactives,CXGDWPC,Primary sequence evaluated for selective binding within Experimental & Unclassified Bioactives pathways. Interacts with cellular signaling cascades to modulate metabolic and structural homeostasis.,"Eptifibatide is a synthetic homodetic cyclic peptide comprising Nalpha-(3-sulfanylpropanoyl)homoarginyl, glycyl, aspartyl, tryptophyl, prolyl and cysteinamide residues connected in sequence and cyclis...",Research-grade sequence. Systemic toxicity thresholds and metabolic clearance profiles are currently under open-reading-frame evaluation.,C35H49N11O9S2,UGC ??? GGC GAC UGG CCC UGC UGA,TGC ??? GGC GAC TGG CCC TGC TGA,ACG ??? CCG CTG ACC GGG ACG ACT
glucagon,Glucagon,Experimental & Unclassified Bioactives,HSQGTFTSDYSKYLDSRRAQDFVQWLMNT,Primary sequence evaluated for selective binding within Experimental & Unclassified Bioactives pathways. Interacts with cellular signaling cascades to modulate metabolic and structural homeostasis.,"Glucagon is a 29-amino acid peptide hormone consisting of His, Ser, Gln, Gly, Thr, Phe, Thr, Ser, Asp, Tyr, Ser, Lys, Tyr, Leu, Asp, Ser, Arg, Arg, Ala, Gln, Asp, Phe, Val, Gln, Trp, Leu, Met, Asn and...",Research-grade sequence. Systemic toxicity thresholds and metabolic clearance profiles are currently under open-reading-frame evaluation.,C153H225N43O49S,CAC AGC CAG GGC ACC UUC ACC AGC GAC UAC AGC AAG UAC CUG GAC AGC CUG CUG GCC CAG GAC UUC GUG CAG UGG CUG AUG AAC ACC UGA,CAC AGC CAG GGC ACC TTC ACC AGC GAC TAC AGC AAG TAC CTG GAC AGC CTG CTG GCC CAG GAC TTC GTG CAG TGG CTG ATG AAC ACC TGA,GTG TCG GTC CCG TGG AAG TGG TCG CTG ATG TCG TTC ATG GAC CTG TCG GAC GAC CGG GTC CTG AAG CAC GTC ACC GAC TAC TTG TGG ACT
insulin,Insulin,Metabolic & Mitochondrial Homeostasis Regulators,FVGXQHLCGSHLVEALYLVCGERGFFYXPKXGXVEQCCXSXXSLYQLENYCN,Identified via PubChem CID 70678557,"Investigational bioactive compound categorized within the Metabolic & Mitochondrial Homeostasis Regulators domain. Evaluated in molecular assays for cellular modeling, targeted sequence binding, and structural metabolic interactions.",Research-grade sequence. Systemic toxicity thresholds and metabolic clearance profiles are currently under open-reading-frame evaluation.,C256H381N65O77S6,UUC GUG GGC ??? CAG CAC CUG UGC GGC AGC CAC CUG GUG GAG GCC CUG UAC CUG GUG UGC GGC GAG CUG GGC UUC UUC UAC ??? CCC AAG ??? GGC ??? GUG GAG CAG UGC UGC ??? AGC ??? ??? AGC CUG UAC CAG CUG GAG AAC UAC UGC AAC UGA,TTC GTG GGC ??? CAG CAC CTG TGC GGC AGC CAC CTG GTG GAG GCC CTG TAC CTG GTG TGC GGC GAG CTG GGC TTC TTC TAC ??? CCC AAG ??? GGC ??? GTG GAG CAG TGC TGC ??? AGC ??? ??? AGC CTG TAC CAG CTG GAG AAC TAC TGC AAC TGA,AAG CAC CCG ??? GTC GTG GAC ACG CCG TCG GTG GAC CAC CTC CGG GAC ATG GAC CAC ACG CCG CTC GAC CCG AAG AAG ATG ??? GGG TTC ??? CCG ??? CAC CTC GTC ACG ACG ??? TCG ??? ??? TCG GAC ATG GTC GAC CTC TTG ATG ACG TTG ACT
pramlintide,Pramlintide,Experimental & Unclassified Bioactives,KCNTATCATQRLANFLVHSSNNFGPILPPTNVGSNTY,Identified via PubChem CID 70691388,Pramlintide is a polypeptide.,Research-grade sequence. Systemic toxicity thresholds and metabolic clearance profiles are currently under open-reading-frame evaluation.,C171H267N51O53S2,AAG UGC AAC ACC GCC ACC UGC GCC ACC CAG CUG CUG GCC AAC UUC CUG GUG CAC AGC AGC AAC AAC UUC GGC CCC AUC CUG CCC CCC ACC AAC GUG GGC AGC AAC ACC UAC UGA,AAG TGC AAC ACC GCC ACC TGC GCC ACC CAG CTG CTG GCC AAC TTC CTG GTG CAC AGC AGC AAC AAC TTC GGC CCC ATC CTG CCC CCC ACC AAC GTG GGC AGC AAC ACC TAC TGA,TTC ACG TTG TGG CGG TGG ACG CGG TGG GTC GAC GAC CGG TTG AAG GAC CAC GTG TCG TCG TTG TTG AAG CCG GGG TAG GAC GGG GGG TGG TTG CAC CCG TCG TTG TGG ATG ACT
secretin,Secretin,Experimental & Unclassified Bioactives,XSDGXFXSELSRLRDSARLQRLLQGLV,Primary sequence evaluated for selective binding within Experimental & Unclassified Bioactives pathways. Interacts with cellular signaling cascades to modulate metabolic and structural homeostasis.,"Investigational bioactive compound categorized within the Experimental & Unclassified Bioactives domain. Evaluated in molecular assays for cellular modeling, targeted sequence binding, and structural metabolic interactions.",Research-grade sequence. Systemic toxicity thresholds and metabolic clearance profiles are currently under open-reading-frame evaluation.,C130H219N43O42,??? AGC GAC GGC ??? UUC ??? AGC GAG CUG AGC CUG CUG CUG GAC AGC GCC CUG CUG CAG CUG CUG CUG CAG GGC CUG GUG UGA,??? AGC GAC GGC ??? TTC ??? AGC GAG CTG AGC CTG CTG CTG GAC AGC GCC CTG CTG CAG CTG CTG CTG CAG GGC CTG GTG TGA,??? TCG CTG CCG ??? AAG ??? TCG CTC GAC TCG GAC GAC GAC CTG TCG CGG GAC GAC GTC GAC GAC GAC GTC CCG GAC CAC ACT
sincalide,Sincalide,Experimental & Unclassified Bioactives,DXMGWMDF,Primary sequence evaluated for selective binding within Experimental & Unclassified Bioactives pathways. Interacts with cellular signaling cascades to modulate metabolic and structural homeostasis.,Sincalide is an oligopeptide.,Research-grade sequence. Systemic toxicity thresholds and metabolic clearance profiles are currently under open-reading-frame evaluation.,C49H62N10O16S3,GAC ??? AUG GGC UGG AUG GAC UUC UGA,GAC ??? ATG GGC TGG ATG GAC TTC TGA,CTG ??? TAC CCG ACC TAC CTG AAG ACT
somatostatin,Somatostatin,Experimental & Unclassified Bioactives,AGCKNFFWKTFTSC,Primary sequence evaluated for selective binding within Experimental & Unclassified Bioactives pathways. Interacts with cellular signaling cascades to modulate metabolic and structural homeostasis.,Somatostatin is a fourteen-membered heterodetic cyclic peptide comprising the sequence Ala-Gly-Cys-Lys-Asn-Phe-Phe-Trp-Lys-Thr-Phe-Thr-Ser-Cys cyclised by a disulfide bridge between the two Cys residu...,Research-grade sequence. Systemic toxicity thresholds and metabolic clearance profiles are currently under open-reading-frame evaluation.,C76H104N18O19S2,GCC GGC UGC AAG AAC UUC UUC UGG AAG ACC UUC ACC AGC UGC UGA,GCC GGC TGC AAG AAC TTC TTC TGG AAG ACC TTC ACC AGC TGC TGA,CGG CCG ACG TTC TTG AAG AAG ACC TTC TGG AAG TGG TCG ACG ACT
teduglutide,Teduglutide,Experimental & Unclassified Bioactives,HGDGSFSDEMNTILDNLAARDFINWLIQTKITD,Primary sequence evaluated for selective binding within Experimental & Unclassified Bioactives pathways. Interacts with cellular signaling cascades to modulate metabolic and structural homeostasis.,"Teduglutide is a 33-membered polypeptide consisting of His, Gly, Asp, Gly, Ser, Phe, Ser, Asp, Glu, Met, Asn, Thr, Ile, Leu, Asp, Asn, Leu, Ala, Ala, Arg, Asp, Phe, Ile, Asn, Trp, Leu, Ile, Gln, Thr, ...",Research-grade sequence. Systemic toxicity thresholds and metabolic clearance profiles are currently under open-reading-frame evaluation.,C164H252N44O55S,CAC GGC GAC GGC AGC UUC AGC GAC GAG AUG AAC ACC AUC CUG GAC AAC CUG GCC GCC CUG GAC UUC AUC AAC UGG CUG AUC CAG ACC AAG AUC ACC GAC UGA,CAC GGC GAC GGC AGC TTC AGC GAC GAG ATG AAC ACC ATC CTG GAC AAC CTG GCC GCC CTG GAC TTC ATC AAC TGG CTG ATC CAG ACC AAG ATC ACC GAC TGA,GTG CCG CTG CCG TCG AAG TCG CTG CTC TAC TTG TGG TAG GAC CTG TTG GAC CGG CGG GAC CTG AAG TAG TTG ACC GAC TAG GTC TGG TTC TAG TGG CTG ACT
thymopentin,Thymopentin,Experimental & Unclassified Bioactives,RKDVY,Primary sequence evaluated for selective binding within Experimental & Unclassified Bioactives pathways. Interacts with cellular signaling cascades to modulate metabolic and structural homeostasis.,Thymopentin is an oligopeptide.,Research-grade sequence. Systemic toxicity thresholds and metabolic clearance profiles are currently under open-reading-frame evaluation.,C30H49N9O9,CUG AAG GAC GUG UAC UGA,CTG AAG GAC GTG TAC TGA,GAC TTC CTG CAC ATG ACT
tb-500,TB-500,Experimental & Unclassified Bioactives,LKKTETQ,Identified via PubChem CID 62707662,"Investigational bioactive compound categorized within the Experimental & Unclassified Bioactives domain. Evaluated in molecular assays for cellular modeling, targeted sequence binding, and structural metabolic interactions.",Research-grade sequence. Systemic toxicity thresholds and metabolic clearance profiles are currently under open-reading-frame evaluation.,Unknown,CUG AAG AAG ACC GAG ACC CAG UGA,CTG AAG AAG ACC GAG ACC CAG TGA,GAC TTC TTC TGG CTC TGG GTC ACT
hexarelin,Hexarelin,Experimental & Unclassified Bioactives,HXAWFK,Primary sequence evaluated for selective binding within Experimental & Unclassified Bioactives pathways. Interacts with cellular signaling cascades to modulate metabolic and structural homeostasis.,"Investigational bioactive compound categorized within the Experimental & Unclassified Bioactives domain. Evaluated in molecular assays for cellular modeling, targeted sequence binding, and structural metabolic interactions.",Research-grade sequence. Systemic toxicity thresholds and metabolic clearance profiles are currently under open-reading-frame evaluation.,C47H58N12O6,CAC ??? GCC UGG UUC AAG UGA,CAC ??? GCC TGG TTC AAG TGA,GTG ??? CGG ACC AAG TTC ACT
alarelin,Alarelin,Experimental & Unclassified Bioactives,XHWSYALRP,Primary sequence evaluated for selective binding within Experimental & Unclassified Bioactives pathways. Interacts with cellular signaling cascades to modulate metabolic and structural homeostasis.,"Investigational bioactive compound categorized within the Experimental & Unclassified Bioactives domain. Evaluated in molecular assays for cellular modeling, targeted sequence binding, and structural metabolic interactions.",Research-grade sequence. Systemic toxicity thresholds and metabolic clearance profiles are currently under open-reading-frame evaluation.,C56H78N16O12,??? CAC UGG AGC UAC GCC CUG CUG CCC UGA,??? CAC TGG AGC TAC GCC CTG CTG CCC TGA,??? GTG ACC TCG ATG CGG GAC GAC GGG ACT
aviptadil,Aviptadil,Experimental & Unclassified Bioactives,HSDAVFTDNYTRLRKQMAVKKYLNSILN,Primary sequence evaluated for selective binding within Experimental & Unclassified Bioactives pathways. Interacts with cellular signaling cascades to modulate metabolic and structural homeostasis.,"Investigational bioactive compound categorized within the Experimental & Unclassified Bioactives domain. Evaluated in molecular assays for cellular modeling, targeted sequence binding, and structural metabolic interactions.",Research-grade sequence. Systemic toxicity thresholds and metabolic clearance profiles are currently under open-reading-frame evaluation.,C147H237N43O43S,CAC AGC GAC GCC GUG UUC ACC GAC AAC UAC ACC CUG CUG CUG AAG CAG AUG GCC GUG AAG AAG UAC CUG AAC AGC AUC CUG AAC UGA,CAC AGC GAC GCC GTG TTC ACC GAC AAC TAC ACC CTG CTG CTG AAG CAG ATG GCC GTG AAG AAG TAC CTG AAC AGC ATC CTG AAC TGA,GTG TCG CTG CGG CAC AAG TGG CTG TTG ATG TGG GAC GAC GAC TTC GTC TAC CGG CAC TTC TTC ATG GAC TTG TCG TAG GAC TTG ACT
pt-141,PT-141,Experimental & Unclassified Bioactives,XDHFRWK,Primary sequence evaluated for selective binding within Experimental & Unclassified Bioactives pathways. Interacts with cellular signaling cascades to modulate metabolic and structural homeostasis.,Bremelanotide is an oligopeptide.,Research-grade sequence. Systemic toxicity thresholds and metabolic clearance profiles are currently under open-reading-frame evaluation.,C50H68N14O10,??? GAC CAC UUC CUG UGG AAG UGA,??? GAC CAC TTC CTG TGG AAG TGA,??? CTG GTG AAG GAC ACC TTC ACT
